[{
    "ueid" : "11",
    "name" : "Algebre 1",
    "coefficient" : "6",
    "semestre" : "1",
    "value" : 1,
    "dependances" : [["Appliquer", 21, 301, 41, 401]],
    "projet" : "false",
    "option" : "false"
},{
    "ueid" : "12",
    "name" : "AlgoProg 1",
    "coefficient" : "6",
    "semestre" : "1",
    "value" : 1,
    "dependances" : [["Formaliser", 22, 35], ["Programmer", 22, 35], ["Construire", 22]],
    "projet" : "false",
    "option" : "false"
},{
    "ueid" : "13",
    "name" : "Analyse 1",
    "coefficient" : "6",
    "semestre" : "1",
    "value" : 1,
    "dependances" : [["Appliquer", 23, 24]],
    "projet" : "false",
    "option" : "false"
},{
    "ueid" : "14",
    "name" : "Calcul formel",
    "coefficient" : "3",
    "semestre" : "1",
    "value" : 1,
    "dependances" : [["Programmer"]],
    "projet" : "false",
    "option" : "false"
},{
    "ueid" : "15",
    "name" : "Mecanique",
    "coefficient" : "3",
    "semestre" : "1",
    "value" : 1,
    "dependances" : [["Formaliser"], ["Appliquer"]],
    "projet" : "false",
    "option" : "false"
},{
    "ueid" : "16",
    "name" : "MTU Math-Info",
    "coefficient" : "2",
    "semestre" : "1",
    "value" : 1,
    "dependances" : [["Programmer", 22], ["Appliquer"], ["Professionnaliser"]],
    "projet" : "false",
    "option" : "false"
},{
    "ueid" : "17",
    "name" : "C2I",
    "coefficient" : "1",
    "semestre" : "1",
    "value" : 1,
    "dependances" : [["Professionnaliser"]],
    "projet" : "false",
    "option" : "false"
},{
    "ueid" : "18",
    "name" : "Langue S1",
    "coefficient" : "3",
    "semestre" : "1",
    "value" : 1,
    "dependances" : [["Professionnaliser", 26]],
    "projet" : "false",
    "option" : "false"
},{
    "ueid" : "21",
    "name" : "Algebre 2",
    "coefficient" : "6",
    "semestre" : "2",
    "value" : 1,
    "dependances" : [["Appliquer"]],
    "projet" : "false",
    "option" : "false"
},{
    "ueid" : "22",
    "name" : "AlgoProg 2",
    "coefficient" : "6",
    "semestre" : "2",
    "value" : 1,
    "dependances" : [["Formaliser", 37, 45, 56, 64], ["Programmer", 37, 38, 45, 51, 601], ["Construire", 37, 38, 51, 55]],
    "projet" : "false",
    "option" : "false"
},{
    "ueid" : "23",
    "name" : "Analyse 2",
    "coefficient" : "6",
    "semestre" : "2",
    "value" : 1,
    "dependances" : [["Appliquer"]],
    "projet" : "false",
    "option" : "false"
},{
    "ueid" : "24",
    "name" : "Modelisation",
    "coefficient" : "2",
    "semestre" : "2",
    "value" : 1,
    "dependances" : [["Formaliser"], ["Appliquer"]],
    "projet" : "false",
    "option" : "false"
},{
    "ueid" : "25",
    "name" : "PPP",
    "coefficient" : "1",
    "semestre" : "2",
    "value" : 1,
    "dependances" : [["Professionnaliser", 36]],
    "projet" : "false",
    "option" : "false"
},{
    "ueid" : "26",
    "name" : "Langue S2",
    "coefficient" : "3",
    "semestre" : "2",
    "value" : 1,
    "dependances" : [["Professionnaliser", 43]],
    "projet" : "false",
    "option" : "false"
},{
    "ueid" : "201",
    "name" : "CPI",
    "coefficient" : "3",
    "semestre" : "2",
    "value" : 1,
    "dependances" : [["Programmer"], ["Construire", 34], ["Professionnaliser"]],
    "projet" : "false",
    "option" : "true"
},{
    "ueid" : "202",
    "name" : "Introduction a la programmation web",
    "coefficient" : "3",
    "semestre" : "2",
    "value" : 1,
    "dependances" : [["Programmer"]],
    "projet" : "true",
    "option" : "true"
},{
    "ueid" : "203",
    "name" : "Modeles de calcul",
    "coefficient" : "3",
    "semestre" : "2",
    "value" : 1,
    "dependances" : [["Appliquer"]],
    "projet" : "false",
    "option" : "true"
},{
    "ueid" : "31",
    "name" : "Anglais pour l'informatique S3",
    "coefficient" : "3",
    "semestre" : "3",
    "value" : 1,
    "dependances" : [["Professionnaliser"]],
    "projet" : "false",
    "option" : "false"
},{
    "ueid" : "32",
    "name" : "Architecture des ordinateurs",
    "coefficient" : "6",
    "semestre" : "3",
    "value" : 1,
    "dependances" : [["Programmer"], ["Construire", 47, 55]],
    "projet" : "true",
    "option" : "false"
},{
    "ueid" : "33",
    "name" : "BDD 1",
    "coefficient" : "3",
    "semestre" : "3",
    "value" : 1,
    "dependances" : [["Formaliser"], ["Programmer", 51], ["Construire", 51]],
    "projet" : "false",
    "option" : "false"
},{
    "ueid" : "34",
    "name" : "PSE",
    "coefficient" : "3",
    "semestre" : "3",
    "value" : 1,
    "dependances" : [["Programmer", 47], ["Construire", 47]],
    "projet" : "true",
    "option" : "false"
},{
    "ueid" : "35",
    "name" : "Programmation Fonctionnelle",
    "coefficient" : "3",
    "semestre" : "3",
    "value" : 1,
    "dependances" : [["Formaliser"], ["Programmer"], ["Appliquer"]],
    "projet" : "false",
    "option" : "false"
},{
    "ueid" : "36",
    "name" : "PPP",
    "coefficient" : "3",
    "semestre" : "3",
    "value" : 1,
    "dependances" : [["Professionnaliser"]],
    "projet" : "false",
    "option" : "false"
},{
    "ueid" : "37",
    "name" : "SDA 1",
    "coefficient" : "6",
    "semestre" : "3",
    "value" : 1,
    "dependances" : [["Formaliser", 46], ["Programmer", 46, 47], ["Construire", 46, 47], ["Realiser", 407, 501, 608]],
    "projet" : "false",
    "option" : "false"
},{
    "ueid" : "38",
    "name" : "Techniques de développement",
    "coefficient" : "3",
    "semestre" : "3",
    "value" : 1,
    "dependances" : [["Programmer", 47, 62], ["Construire", 62], ["Realiser", 407, 501, 62, 608]],
    "projet" : "false",
    "option" : "false"
},{
    "ueid" : "301",
    "name" : "Arithmetique et cryptographie",
    "coefficient" : "3",
    "semestre" : "3",
    "value" : 1,
    "dependances" : [["Appliquer"]],
    "projet" : "false",
    "option" : "true"
},{
    "ueid" : "302",
    "name" : "Introduction aux grandes categories de problemes",
    "coefficient" : "3",
    "semestre" : "3",
    "value" : 1,
    "dependances" : [["Formaliser"], ["Appliquer"]],
    "projet" : "false",
    "option" : "true"
},{
    "ueid" : "41",
    "name" : "Algebre lineaire",
    "coefficient" : "3",
    "semestre" : "4",
    "value" : 1,
    "dependances" : [["Appliquer"]],
    "projet" : "true",
    "option" : "false"
},{
    "ueid" : "42",
    "name" : "Graphes",
    "coefficient" : "3",
    "semestre" : "4",
    "value" : 1,
    "dependances" : [["Formaliser"], ["Programmer"], ["Appliquer"]],
    "projet" : "false",
    "option" : "false"
},{
    "ueid" : "43",
    "name" : "Langue S4",
    "coefficient" : "3",
    "semestre" : "4",
    "value" : 1,
    "dependances" : [["Professionnaliser", 52]],
    "projet" : "false",
    "option" : "false"
},{
    "ueid" : "44",
    "name" : "Logique et programmation logique",
    "coefficient" : "6",
    "semestre" : "4",
    "value" : 1,
    "dependances" : [["Formaliser"], ["Programmer"], ["Appliquer"]],
    "projet" : "false",
    "option" : "false"
},{
    "ueid" : "45",
    "name" : "POO 1",
    "coefficient" : "3",
    "semestre" : "4",
    "value" : 1,
    "dependances" : [["Formaliser", 54], ["Programmer", 54, 64]],
    "projet" : "true",
    "option" : "false"
},{
    "ueid" : "46",
    "name" : "SDA 2",
    "coefficient" : "6",
    "semestre" : "4",
    "value" : 1,
    "dependances" : [["Formaliser"], ["Programmer", 601], ["Construire"], ["Appliquer"]],
    "projet" : "false",
    "option" : "false"
},{
    "ueid" : "47",
    "name" : "Systemes d'Exploitation",
    "coefficient" : "3",
    "semestre" : "4",
    "value" : 1,
    "dependances" : [["Programmer", 55, 56, 64], ["Construire", 55, 56]],
    "projet" : "true",
    "option" : "false"
},{
    "ueid" : "401",
    "name" : "Arithmetique et cryptographie",
    "coefficient" : "3",
    "semestre" : "4",
    "value" : 1,
    "dependances" : [["Appliquer"]],
    "projet" : "false",
    "option" : "true"
},{
    "ueid" : "402",
    "name" : "Introduction aux grandes categories de problemes",
    "coefficient" : "3",
    "semestre" : "4",
    "value" : 1,
    "dependances" : [["Formaliser"], ["Appliquer"]],
    "projet" : "false",
    "option" : "true"
},{
    "ueid" : "403",
    "name" : "Communication",
    "coefficient" : "3",
    "semestre" : "4",
    "value" : 1,
    "dependances" : [["Professionnaliser"]],
    "projet" : "false",
    "option" : "true"
},{
    "ueid" : "404",
    "name" : "Droit",
    "coefficient" : "3",
    "semestre" : "4",
    "value" : 1,
    "dependances" : [["Professionnaliser"]],
    "projet" : "false",
    "option" : "true"
},{
    "ueid" : "405",
    "name" : "Economie et gestion",
    "coefficient" : "3",
    "semestre" : "4",
    "value" : 1,
    "dependances" : [["Professionnaliser"]],
    "projet" : "false",
    "option" : "true"
},{
    "ueid" : "406",
    "name" : "UE Unistra libre",
    "coefficient" : "3",
    "semestre" : "4",
    "value" : 1,
    "dependances" : [],
    "projet" : "false",
    "option" : "true"
},{
    "ueid" : "407",
    "name" : "Stage",
    "coefficient" : "3",
    "semestre" : "4",
    "value" : 1,
    "dependances" : [["Formaliser"], ["Realiser"], ["Professionnaliser"]],
    "projet" : "false",
    "option" : "true"
},{
    "ueid" : "51",
    "name" : "BDD 2 et programmation web",
    "coefficient" : "6",
    "semestre" : "5",
    "value" : 1,
    "dependances" : [["Programmer"], ["Construire"]],
    "projet" : "true",
    "option" : "false"
},{
    "ueid" : "52",
    "name" : "Langue S5",
    "coefficient" : "3",
    "semestre" : "5",
    "value" : 1,
    "dependances" : [["Professionnaliser"]],
    "projet" : "false",
    "option" : "false"
},{
    "ueid" : "53",
    "name" : "Probabilites et Statistiques",
    "coefficient" : "6",
    "semestre" : "5",
    "value" : 1,
    "dependances" : [["Formaliser"], ["Appliquer", 65]],
    "projet" : "false",
    "option" : "false"
},{
    "ueid" : "54",
    "name" : "POO 2",
    "coefficient" : "6",
    "semestre" : "5",
    "value" : 1,
    "dependances" : [["Formaliser"], ["Programmer", 63]],
    "projet" : "true",
    "option" : "false"
},{
    "ueid" : "55",
    "name" : "Reseaux et protocoles",
    "coefficient" : "6",
    "semestre" : "5",
    "value" : 1,
    "dependances" : [["Programmer"], ["Construire", 64, 603]],
    "projet" : "true",
    "option" : "false"
},{
    "ueid" : "56",
    "name" : "Systemes concurrents",
    "coefficient" : "3",
    "semestre" : "5",
    "value" : 1,
    "dependances" : [["Formaliser"], ["Programmer"], ["Construire", 64]],
    "projet" : "true",
    "option" : "false"
},{
    "ueid" : "501",
    "name" : "Stage",
    "coefficient" : "3",
    "semestre" : "5",
    "value" : 1,
    "dependances" : [["Formaliser"], ["Realiser"], ["Professionnaliser"]],
    "projet" : "false",
    "option" : "true"
},{
    "ueid" : "61",
    "name" : "Anglais pour l'informatique S6",
    "coefficient" : "3",
    "semestre" : "6",
    "value" : 1,
    "dependances" : [["Professionnaliser"]],
    "projet" : "false",
    "option" : "false"
},{
    "ueid" : "62",
    "name" : "Genie logiciel",
    "coefficient" : "3",
    "semestre" : "6",
    "value" : 1,
    "dependances" : [["Programmer"], ["Construire"], ["Realiser", 608]],
    "projet" : "false",
    "option" : "false"
},{
    "ueid" : "63",
    "name" : "IHM",
    "coefficient" : "3",
    "semestre" : "6",
    "value" : 1,
    "dependances" : [["Programmer"]],
    "projet" : "true",
    "option" : "false"
},{
    "ueid" : "64",
    "name" : "Systemes distribues",
    "coefficient" : "6",
    "semestre" : "6",
    "value" : 1,
    "dependances" : [["Formaliser"], ["Programmer"], ["Construire"]],
    "projet" : "true",
    "option" : "false"
},{
    "ueid" : "65",
    "name" : "Theorie des langages",
    "coefficient" : "6",
    "semestre" : "6",
    "value" : 1,
    "dependances" : [["Formaliser"], ["Appliquer"]],
    "projet" : "false",
    "option" : "false"
},{
    "ueid" : "601",
    "name" : "Geometrie 3D",
    "coefficient" : "3",
    "semestre" : "6",
    "value" : 1,
    "dependances" : [["Appliquer"], ["Programmer"]],
    "projet" : "false",
    "option" : "true"
},{
    "ueid" : "602",
    "name" : "IA",
    "coefficient" : "3",
    "semestre" : "6",
    "value" : 1,
    "dependances" : [["Formaliser"], ["Programmer"]],
    "projet" : "true",
    "option" : "true"
},{
    "ueid" : "603",
    "name" : "Reseaux locaux",
    "coefficient" : "3",
    "semestre" : "6",
    "value" : 1,
    "dependances" : [["Construire"]],
    "projet" : "false",
    "option" : "true"
},{
    "ueid" : "604",
    "name" : "Introduction a la recherche",
    "coefficient" : "3",
    "semestre" : "6",
    "value" : 1,
    "dependances" : [["Professionnaliser"]],
    "projet" : "false",
    "option" : "true"
},{
    "ueid" : "605",
    "name" : "Communication",
    "coefficient" : "3",
    "semestre" : "6",
    "value" : 1,
    "dependances" : [["Professionnaliser"]],
    "projet" : "false",
    "option" : "true"
},{
    "ueid" : "606",
    "name" : "Droit",
    "coefficient" : "3",
    "semestre" : "6",
    "value" : 1,
    "dependances" : [["Professionnaliser"]],
    "projet" : "false",
    "option" : "true"
},{
    "ueid" : "607",
    "name" : "Economie et gestion",
    "coefficient" : "3",
    "semestre" : "6",
    "value" : 1,
    "dependances" : [["Professionnaliser"]],
    "projet" : "false",
    "option" : "true"
},{
    "ueid" : "608",
    "name" : "Stage",
    "coefficient" : "3",
    "semestre" : "6",
    "value" : 1,
    "dependances" : [["Formaliser"], ["Realiser"], ["Professionnaliser"]],
    "projet" : "false",
    "option" : "true"
}]