{
    "general" : {
      "cursusname" : "Master Parcours SDSC",
      "affichagelegendeUEfacultative" : "false"
    },

    "ue": [{
        "ueid": "11",
        "name": "Compilation",
        "abreviation": "Compilation",
        "categorie": "Tronc Commun Spécialité",
        "coefficient": "6",
        "semestre": "1",
        "dependances": [
            ["Programmer"]
        ],
        "projet": "false",
        "option": "false",
        "facultatif": "false",
        "commun": "true"
    }, {
        "ueid": "12",
        "name": "Algorithmique avancée",
        "abreviation": "Algo. avancée",
        "categorie": "Tronc Commun Spécialité",
        "coefficient": "3",
        "semestre": "1",
        "dependances": [
            ["Programmer"]
        ],
        "projet": "false",
        "option": "false",
        "facultatif": "false",
        "commun": "true"
    }, {
        "ueid": "13",
        "name": "Programmation avancée",
        "abreviation": "Prog. avancée",
        "categorie": "Tronc Commun Spécialité",
        "coefficient": "3",
        "semestre": "1",
        "dependances": [
            ["Programmer"]
        ],
        "projet": "false",
        "option": "false",
        "facultatif": "false",
        "commun": "true"
    }, {
        "ueid": "14",
        "name": "Fondements Statistiques pour la Science des Données",
        "abreviation": "Fond. Stat. pour la Sci. des Données",
        "categorie": "Parcours SDSC",
        "coefficient": "3",
        "semestre": "1",
        "dependances": [
            ["Programmer"]
        ],
        "projet": "false",
        "option": "false",
        "facultatif": "false",
        "commun": "false"
    }, {
        "ueid": "15",
        "name": "Modèles de connaissances et web sémantique",
        "abreviation": "Modèles de conn. & web sém.",
        "categorie": "Parcours SDSC",
        "coefficient": "3",
        "semestre": "1",
        "dependances": [
            ["Programmer"]
        ],
        "projet": "false",
        "option": "false",
        "facultatif": "false",
        "commun": "false"
    }, {
        "ueid": "16",
        "name": "Apprentissage et Fouille de Données",
        "abreviation": "AFD",
        "categorie": "Parcours SDSC",
        "coefficient": "3",
        "semestre": "1",
        "dependances": [
            ["Programmer"]
        ],
        "projet": "false",
        "option": "false",
        "facultatif": "false",
        "commun": "false"
    }, {
        "ueid": "17",
        "name": "Entrepôts de Données et Informatique Décisionnelle",
        "abreviation": "ED & ID",
        "categorie": "Parcours SDSC",
        "coefficient": "3",
        "semestre": "1",
        "dependances": [
            ["Programmer"]
        ],
        "projet": "false",
        "option": "false",
        "facultatif": "false",
        "commun": "false"
    }, {
        "ueid": "18",
        "name": "Vie Professionnelle 1",
        "abreviation": "Vie Pro. 1",
        "categorie": "Tronc Commun Ouverture",
        "coefficient": "3",
        "semestre": "1",
        "dependances": [
            ["Professionnaliser"],
            ["Realiser"]
        ],
        "projet": "false",
        "option": "false",
        "facultatif": "false",
        "commun": "true"
    }, {
        "ueid": "19",
        "name": "Langue",
        "abreviation": "Langue",
        "categorie": "Langues",
        "coefficient": "3",
        "semestre": "1",
        "dependances": [
            ["Professionnaliser"]
        ],
        "projet": "false",
        "option": "false",
        "facultatif": "false",
        "commun": "true"
    }, {
        "ueid": "21",
        "name": "Algorithmes distribués",
        "abreviation": "Algo. distrib.",
        "categorie": "Tronc Commun Spécialité",
        "coefficient": "6",
        "semestre": "2",
        "dependances": [
            ["Programmer"],
            ["Realiser"],
            ["Construire"]
        ],
        "projet": "false",
        "option": "false",
        "facultatif": "false",
        "commun": "true"
    }, {
        "ueid": "22",
        "name": "Sécurité",
        "abreviation": "Sécurité",
        "categorie": "Tronc Commun Spécialité",
        "coefficient": "3",
        "semestre": "2",
        "dependances": [
            ["Programmer"],
            ["Professionnaliser"],
            ["Construire"]
        ],
        "projet": "false",
        "option": "false",
        "facultatif": "false",
        "commun": "true"
    }, {
        "ueid": "23",
        "name": "Calculabilité et complexité",
        "abreviation": "Calculab. et complex.",
        "categorie": "Tronc Commun Spécialité",
        "coefficient": "3",
        "semestre": "2",
        "dependances": [
            ["Programmer"],
            ["Professionnaliser"],
            ["Construire"]
        ],
        "projet": "false",
        "option": "false",
        "facultatif": "false",
        "commun": "true"
    }, {
        "ueid": "24",
        "name": "Travail d'étude et de recherche",
        "abreviation": "TER",
        "categorie": "TER et Projet de Master",
        "coefficient": "6",
        "semestre": "2",
        "dependances": [
            ["Programmer"],
            ["Professionnaliser"],
            ["Construire"]
        ],
        "projet": "false",
        "option": "false",
        "facultatif": "false",
        "commun": "true"
    }, {
        "ueid": "25",
        "name": "Algorithmes du Texte et Recherche d'Information",
        "abreviation": "Algo. Texte & Rech. Info.",
        "categorie": "Parcours SDSC",
        "coefficient": "3",
        "semestre": "2",
        "dependances": [
            ["Programmer"],
            ["Professionnaliser"],
            ["Construire"]
        ],
        "projet": "false",
        "option": "false",
        "facultatif": "false",
        "commun": "false"
    }, {
        "ueid": "26",
        "name": "Intelligence Collective, Intelligence Artificielle",
        "abreviation": "ICIA",
        "categorie": "Parcours SDSC",
        "coefficient": "3",
        "semestre": "2",
        "dependances": [
            ["Programmer"],
            ["Professionnaliser"],
            ["Construire"]
        ],
        "projet": "false",
        "option": "false",
        "facultatif": "false",
        "commun": "false"
    }, {
        "ueid": "27",
        "name": "Systèmes complexes et Optimisation Stochastique Massivement Parallèle",
        "abreviation": "SC & OSMP",
        "categorie": "Parcours SDSC",
        "coefficient": "3",
        "semestre": "2",
        "dependances": [
            ["Programmer"],
            ["Professionnaliser"],
            ["Construire"]
        ],
        "projet": "false",
        "option": "false",
        "facultatif": "false",
        "commun": "false"
    }, {
        "ueid": "28",
        "name": "Gestion et Extraction de Connaissances pour les Masses de Données",
        "abreviation": "GECMD",
        "categorie": "Parcours SDSC",
        "coefficient": "3",
        "semestre": "2",
        "dependances": [
            ["Programmer"],
            ["Professionnaliser"],
            ["Construire"]
        ],
        "projet": "false",
        "option": "false",
        "facultatif": "false",
        "commun": "false"
    }, {
        "ueid": "31",
        "name": "Certification du logiciel",
        "abreviation": "Certif. logi.",
        "categorie": "Tronc Commun Spécialité",
        "coefficient": "3",
        "semestre": "3",
        "dependances": [
            ["Programmer"],
            ["Professionnaliser"],
            ["Construire"]
        ],
        "projet": "false",
        "option": "false",
        "facultatif": "false",
        "commun": "true"
    }, {
        "ueid": "32",
        "name": "Projet de Master",
        "abreviation": "Projet de Master",
        "categorie": "TER et Projet de Master",
        "coefficient": "6",
        "semestre": "3",
        "dependances": [
            ["Programmer"],
            ["Professionnaliser"],
            ["Construire"]
        ],
        "projet": "false",
        "option": "false",
        "facultatif": "false",
        "commun": "true"
    }, {
        "ueid": "33",
        "name": "Traitement et Données Réparties",
        "abreviation": "TDR",
        "categorie": "Parcours SDSC",
        "coefficient": "3",
        "semestre": "3",
        "dependances": [
            ["Programmer"],
            ["Professionnaliser"],
            ["Construire"]
        ],
        "projet": "false",
        "option": "false",
        "facultatif": "false",
        "commun": "false"
    }, {
        "ueid": "34",
        "name": "Protection des Données et Sécurité des Systèmes Complexes",
        "abreviation": "PDSSC",
        "categorie": "Parcours SDSC",
        "coefficient": "3",
        "semestre": "3",
        "dependances": [
            ["Programmer"],
            ["Professionnaliser"],
            ["Construire"]
        ],
        "projet": "false",
        "option": "false",
        "facultatif": "false",
        "commun": "false"
    }, {
        "ueid": "35",
        "name": "Science des Données Appliquées aux Nouveaux Défis",
        "abreviation": "SDAND",
        "categorie": "Parcours SDSC",
        "coefficient": "3",
        "semestre": "3",
        "dependances": [
            ["Programmer"],
            ["Professionnaliser"],
            ["Construire"]
        ],
        "projet": "false",
        "option": "false",
        "facultatif": "false",
        "commun": "false"
    }, {
        "ueid": "36",
        "name": "Bioinformatique",
        "abreviation": "Bioinformatique",
        "categorie": "Parcours SDSC",
        "coefficient": "3",
        "semestre": "3",
        "dependances": [
            ["Programmer"],
            ["Professionnaliser"],
            ["Construire"]
        ],
        "projet": "false",
        "option": "false",
        "facultatif": "false",
        "commun": "false"
    }, {
        "ueid": "37",
        "name": "Vie Professionnelle 2",
        "abreviation": "Vie Pro. 2",
        "categorie": "Tronc Commun Ouverture",
        "coefficient": "6",
        "semestre": "3",
        "dependances": [
            ["Programmer"],
            ["Professionnaliser"],
            ["Construire"]
        ],
        "projet": "false",
        "option": "false",
        "facultatif": "false",
        "commun": "true"
    }, {
        "ueid": "38",
        "name": "Langue",
        "abreviation": "Langue",
        "categorie": "Langues",
        "coefficient": "3",
        "semestre": "3",
        "dependances": [
            ["Programmer"],
            ["Professionnaliser"],
            ["Construire"]
        ],
        "projet": "false",
        "option": "false",
        "facultatif": "false",
        "commun": "true"
    }, {
        "ueid": "41",
        "name": "Accompagnement de stage",
        "abreviation": "Accomp. de stage",
        "categorie": "Stage ou Apprentissage",
        "coefficient": "3",
        "semestre": "4",
        "dependances": [
            ["Programmer"],
            ["Professionnaliser"],
            ["Construire"]
        ],
        "projet": "false",
        "option": "false",
        "facultatif": "false",
        "commun": "true"
    }, {
        "ueid": "42",
        "name": "Stage Master 2",
        "abreviation": "Stage M2",
        "categorie": "Stage ou Apprentissage",
        "coefficient": "27",
        "semestre": "4",
        "dependances": [
            ["Programmer"],
            ["Professionnaliser"],
            ["Construire"]
        ],
        "projet": "false",
        "option": "false",
        "facultatif": "false",
        "commun": "true"
    }],

    "ueDoublons": [],

    "options": [],

    "competences" : [{
        "name" : "Appliquer",
        "description" : "Ceci est la compétence \"Appliquer\"",
        "color" : "#ff7f0e"
    }, {
        "name" : "Construire",
        "description" : "Ceci est la compétence \"Construire\"",
        "color" : "#d62728"
    }, {
        "name" : "Formaliser",
        "description" : "Ceci est la compétence \"Formaliser\"",
        "color" : "#2ca02c"
    }, {
        "name" : "Professionnaliser",
        "description" : "Ceci est la compétence \"Professionnaliser\"",
        "color" : "#8c564b"
    }, {
        "name" : "Programmer",
        "description" : "Ceci est la compétence \"Programmer\"",
        "color" : "#9467bd"
    }, {
        "name" : "Realiser",
        "description" : "Ceci est la compétence \"Realiser\"",
        "color" : "#1f77b4"
    }],

    "categories" : [{
        "name" : "Tronc Commun Spécialité",
        "description" : "",
        "color" : "#b3ccff",
        "sortIndex" : 0
    }, {
        "name" : "Parcours SDSC",
        "description" : "",
        "color" : "#ed7676",
        "sortIndex" : 5
    }, {
        "name" : "TER et Projet de Master",
        "description" : "",
        "color" : "#bf79ea",
        "sortIndex" : 2
    }, {
        "name" : "Langues",
        "description" : "",
        "color" : "#2aaf33",
        "sortIndex" : 3
    }, {
        "name" : "Tronc Commun Ouverture",
        "description" : "",
        "color" : "lightgrey",
        "sortIndex" : 1
    }, {
        "name" : "Stage ou Apprentissage",
        "description" : "",
        "color" : "yellow",
        "sortIndex" : 4
    }],

    "cursus" : [{
        "name" : "Licence Informatique",
        "path" : "pedagoLicenceInfo17.json",
        "class" : "licence",
        "sortIndex" : 0
    }, {
        "name" : "Parcours I3D",
        "path" : "pedagoMasterI3D.json",
        "class" : "master",
        "sortIndex" : 0
    }, {
        "name" : "Parcours SIL",
        "path" : "pedagoMasterSIL.json",
        "class" : "master",
        "sortIndex" : 3
    }, {
        "name" : "Parcours SDSC",
        "path" : "pedagoMasterSDSC.json",
        "class" : "master",
        "sortIndex" : 2
    }, {
        "name" : "Parcours SIRIS",
        "path" : "pedagoMasterSIRIS.json",
        "class" : "master",
        "sortIndex" : 1
    }]
}
