{
    "ue": [{
        "ueid": "11",
        "name": "Compilation",
        "abreviation": "Compilation",
        "categorie": "Tronc Commun Spécialité",
        "coefficient": "6",
        "semestre": "1",
        "dependances": [
            ["Programmer"]
        ],
        "projet": "false",
        "option": "false",
        "facultatif": "false"
    }, {
        "ueid": "12",
        "name": "Algorithmique avancée",
        "abreviation": "Algo. avancée",
        "categorie": "Tronc Commun Spécialité",
        "coefficient": "3",
        "semestre": "1",
        "dependances": [
            ["Programmer"]
        ],
        "projet": "false",
        "option": "false",
        "facultatif": "false"
    }, {
        "ueid": "13",
        "name": "Programmation avancée",
        "abreviation": "Prog. avancée",
        "categorie": "Tronc Commun Spécialité",
        "coefficient": "3",
        "semestre": "1",
        "dependances": [
            ["Programmer"]
        ],
        "projet": "false",
        "option": "false",
        "facultatif": "false"
    }, {
        "ueid": "14",
        "name": "Services Réseaux",
        "abreviation": "SR",
        "categorie": "Parcours SIRIS",
        "coefficient": "3",
        "semestre": "1",
        "dependances": [
            ["Programmer"]
        ],
        "projet": "false",
        "option": "false",
        "facultatif": "false"
    }, {
        "ueid": "15",
        "name": "Conception des systèmes d'exploitation",
        "abreviation": "CSE",
        "categorie": "Parcours SIRIS",
        "coefficient": "3",
        "semestre": "1",
        "dependances": [
            ["Programmer"]
        ],
        "projet": "false",
        "option": "false",
        "facultatif": "false"
    }, {
        "ueid": "16",
        "name": "Routage intra-domaine",
        "abreviation": "Routage intra-D",
        "categorie": "Parcours SIRIS",
        "coefficient": "3",
        "semestre": "1",
        "dependances": [
            ["Programmer"]
        ],
        "projet": "false",
        "option": "false",
        "facultatif": "false"
    }, {
        "ueid": "17",
        "name": "Evaluation de performances",
        "abreviation": "Eval. de perf.",
        "categorie": "Parcours SIRIS",
        "coefficient": "3",
        "semestre": "1",
        "dependances": [
            ["Programmer"]
        ],
        "projet": "false",
        "option": "false",
        "facultatif": "false"
    }, {
        "ueid": "18",
        "name": "Vie Professionnelle 1",
        "abreviation": "Vie Pro. 1",
        "categorie": "Tronc Commun Ouverture",
        "coefficient": "3",
        "semestre": "1",
        "dependances": [
            ["Professionnaliser"],
            ["Realiser"]
        ],
        "projet": "false",
        "option": "false",
        "facultatif": "false"
    }, {
        "ueid": "19",
        "name": "Langue",
        "abreviation": "Langue",
        "categorie": "Langues",
        "coefficient": "3",
        "semestre": "1",
        "dependances": [
            ["Professionnaliser"]
        ],
        "projet": "false",
        "option": "false",
        "facultatif": "false"
    }, {
        "ueid": "21",
        "name": "Algorithmes distribués",
        "abreviation": "Algo. distrib.",
        "categorie": "Tronc Commun Spécialité",
        "coefficient": "6",
        "semestre": "2",
        "dependances": [
            ["Programmer"],
            ["Realiser"],
            ["Construire"]
        ],
        "projet": "false",
        "option": "false",
        "facultatif": "false"
    }, {
        "ueid": "22",
        "name": "Sécurité",
        "abreviation": "Sécurité",
        "categorie": "Tronc Commun Spécialité",
        "coefficient": "3",
        "semestre": "2",
        "dependances": [
            ["Programmer"],
            ["Professionnaliser"],
            ["Construire"]
        ],
        "projet": "false",
        "option": "false",
        "facultatif": "false"
    }, {
        "ueid": "23",
        "name": "Calculabilité et complexité",
        "abreviation": "Calculab. et complex.",
        "categorie": "Tronc Commun Spécialité",
        "coefficient": "3",
        "semestre": "2",
        "dependances": [
            ["Programmer"],
            ["Professionnaliser"],
            ["Construire"]
        ],
        "projet": "false",
        "option": "false",
        "facultatif": "false"
    }, {
        "ueid": "24",
        "name": "Travail d'étude et de recherche",
        "abreviation": "TER",
        "categorie": "TER et Projet de Master",
        "coefficient": "6",
        "semestre": "2",
        "dependances": [
            ["Programmer"],
            ["Professionnaliser"],
            ["Construire"]
        ],
        "projet": "false",
        "option": "false",
        "facultatif": "false"
    }, {
        "ueid": "25",
        "name": "Cloud et virtualisation",
        "abreviation": "Cloud et Virtu.",
        "categorie": "Parcours SIRIS",
        "coefficient": "3",
        "semestre": "2",
        "dependances": [
            ["Programmer"],
            ["Professionnaliser"],
            ["Construire"]
        ],
        "projet": "false",
        "option": "false",
        "facultatif": "false"
    }, {
        "ueid": "26",
        "name": "Routage inter-domaine",
        "abreviation": "Routage inter-D",
        "categorie": "Parcours SIRIS",
        "coefficient": "3",
        "semestre": "2",
        "dependances": [
            ["Programmer"],
            ["Professionnaliser"],
            ["Construire"]
        ],
        "projet": "false",
        "option": "false",
        "facultatif": "false"
    }, {
        "ueid": "27",
        "name": "Réseaux sans fil",
        "abreviation": "RSF",
        "categorie": "Parcours SIRIS",
        "coefficient": "3",
        "semestre": "2",
        "dependances": [
            ["Programmer"],
            ["Professionnaliser"],
            ["Construire"]
        ],
        "projet": "false",
        "option": "false",
        "facultatif": "false"
    }, {
        "ueid": "28",
        "name": "Séminaires industriels",
        "abreviation": "SI",
        "categorie": "Parcours SIRIS",
        "coefficient": "3",
        "semestre": "2",
        "dependances": [
            ["Programmer"],
            ["Professionnaliser"],
            ["Construire"]
        ],
        "projet": "false",
        "option": "false",
        "facultatif": "false"
    }, {
        "ueid": "31",
        "name": "Certification du logiciel",
        "abreviation": "Certif. logi.",
        "categorie": "Tronc Commun Spécialité",
        "coefficient": "3",
        "semestre": "3",
        "dependances": [
            ["Programmer"],
            ["Professionnaliser"],
            ["Construire"]
        ],
        "projet": "false",
        "option": "false",
        "facultatif": "false"
    }, {
        "ueid": "32",
        "name": "Projet de Master",
        "abreviation": "Projet de Master",
        "categorie": "TER et Projet de Master",
        "coefficient": "6",
        "semestre": "3",
        "dependances": [
            ["Programmer"],
            ["Professionnaliser"],
            ["Construire"]
        ],
        "projet": "false",
        "option": "false",
        "facultatif": "false"
    }, {
        "ueid": "33",
        "name": "Administration des systèmes",
        "abreviation": "Admin des syst.",
        "categorie": "Parcours SIRIS",
        "coefficient": "3",
        "semestre": "3",
        "dependances": [
            ["Programmer"],
            ["Professionnaliser"],
            ["Construire"]
        ],
        "projet": "false",
        "option": "false",
        "facultatif": "false"
    }, {
        "ueid": "34",
        "name": "Réseaux programmables",
        "abreviation": "Réseaux prog.",
        "categorie": "Parcours SIRIS",
        "coefficient": "3",
        "semestre": "3",
        "dependances": [
            ["Programmer"],
            ["Professionnaliser"],
            ["Construire"]
        ],
        "projet": "false",
        "option": "false",
        "facultatif": "false"
    }, {
        "ueid": "35",
        "name": "Internet des objets",
        "abreviation": "IDO",
        "categorie": "Parcours SIRIS",
        "coefficient": "3",
        "semestre": "3",
        "dependances": [
            ["Programmer"],
            ["Professionnaliser"],
            ["Construire"]
        ],
        "projet": "false",
        "option": "false",
        "facultatif": "false"
    }, {
        "ueid": "36",
        "name": "Sécurité avancée",
        "abreviation": "SA",
        "categorie": "Parcours SIRIS",
        "coefficient": "3",
        "semestre": "3",
        "dependances": [
            ["Programmer"],
            ["Professionnaliser"],
            ["Construire"]
        ],
        "projet": "false",
        "option": "false",
        "facultatif": "false"
    }, {
        "ueid": "37",
        "name": "Vie Professionnelle 2",
        "abreviation": "Vie Pro. 2",
        "categorie": "Tronc Commun Ouverture",
        "coefficient": "6",
        "semestre": "3",
        "dependances": [
            ["Programmer"],
            ["Professionnaliser"],
            ["Construire"]
        ],
        "projet": "false",
        "option": "false",
        "facultatif": "false"
    }, {
        "ueid": "38",
        "name": "Langue",
        "abreviation": "Langue",
        "categorie": "Langues",
        "coefficient": "3",
        "semestre": "3",
        "dependances": [
            ["Programmer"],
            ["Professionnaliser"],
            ["Construire"]
        ],
        "projet": "false",
        "option": "false",
        "facultatif": "false"
    }, {
        "ueid": "41",
        "name": "Accompagnement de stage",
        "abreviation": "Accomp. de stage",
        "categorie": "Stage ou Apprentissage",
        "coefficient": "3",
        "semestre": "4",
        "dependances": [
            ["Programmer"],
            ["Professionnaliser"],
            ["Construire"]
        ],
        "projet": "false",
        "option": "false",
        "facultatif": "false"
    }, {
        "ueid": "42",
        "name": "Stage Master 2",
        "abreviation": "Stage M2",
        "categorie": "Stage ou Apprentissage",
        "coefficient": "27",
        "semestre": "4",
        "dependances": [
            ["Programmer"],
            ["Professionnaliser"],
            ["Construire"]
        ],
        "projet": "false",
        "option": "false",
        "facultatif": "false"
    }],

    "ueDoublons": [],

    "options": [],

    "competences" : [{
        "name" : "Appliquer",
        "description" : "Ceci est la compétence \"Appliquer\"",
        "color" : "#ff7f0e"
    }, {
        "name" : "Construire",
        "description" : "Ceci est la compétence \"Construire\"",
        "color" : "#d62728"
    }, {
        "name" : "Formaliser",
        "description" : "Ceci est la compétence \"Formaliser\"",
        "color" : "#2ca02c"
    }, {
        "name" : "Professionnaliser",
        "description" : "Ceci est la compétence \"Professionnaliser\"",
        "color" : "#8c564b"
    }, {
        "name" : "Programmer",
        "description" : "Ceci est la compétence \"Programmer\"",
        "color" : "#9467bd"
    }, {
        "name" : "Realiser",
        "description" : "Ceci est la compétence \"Realiser\"",
        "color" : "#1f77b4"
    }],

    "categories" : [{
        "name" : "Tronc Commun Spécialité",
        "description" : "",
        "color" : "#b3ccff",
        "sortIndex" : 0
    }, {
        "name" : "Parcours SIRIS",
        "description" : "",
        "color" : "#ed7676",
        "sortIndex" : 5
    }, {
        "name" : "TER et Projet de Master",
        "description" : "",
        "color" : "#bf79ea",
        "sortIndex" : 2
    }, {
        "name" : "Langues",
        "description" : "",
        "color" : "#2aaf33",
        "sortIndex" : 3
    }, {
        "name" : "Tronc Commun Ouverture",
        "description" : "",
        "color" : "lightgrey",
        "sortIndex" : 1
    }, {
        "name" : "Stage ou Apprentissage",
        "description" : "",
        "color" : "yellow",
        "sortIndex" : 4
    }],

    "cursus" : [{
        "name" : "Licence Informatique",
        "path" : "pedagoLicenceInfo17.json",
        "class" : "licence",
        "sortIndex" : 0
    }, {
        "name" : "Parcours I3D",
        "path" : "pedagoMasterI3D.json",
        "class" : "master",
        "sortIndex" : 0
    }, {
        "name" : "Parcours SIL",
        "path" : "pedagoMasterSIL.json",
        "class" : "master",
        "sortIndex" : 3
    }, {
        "name" : "Parcours SDSC",
        "path" : "pedagoMasterSDSC.json",
        "class" : "master",
        "sortIndex" : 2
    }, {
        "name" : "Parcours SIRIS",
        "path" : "pedagoMasterSIRIS.json",
        "class" : "master",
        "sortIndex" : 1
    }]
}
