{
    "general" : {
      "cursusname" : "Licence Professionnelle",
      "abrevname" : ""
    },

    "ue": [{
        "ueid": "11",
        "name": "Administration système et internet",
        "abreviation": "ASI",
        "categorie": "Spécialité",
        "coefficient": "3",
        "semestre": "1",
        "dependances": [
            ["Appliquer"]
        ],
        "projet": "false",
        "option": "false",
        "facultatif": "false",

        "informations": {
            "horaires": {
                "CM": "",
                "CI": "",
                "TD": "",
                "TP": "",
                "TE": ""
            },
            "contenuDesc": "",
            "competenceObj": "",
            "biblio": "",
            "prerequisOblig": "",
            "prerequisRecomm": ""
        }

    },{
        "ueid": "12",
        "name": "Réseaux locaux",
        "abreviation": "RL",
        "categorie": "Spécialité",
        "coefficient": "3",
        "semestre": "1",
        "dependances": [
            ["Appliquer"]
        ],
        "projet": "false",
        "option": "false",
        "facultatif": "false",

        "informations": {
            "horaires": {
                "CM": "",
                "CI": "",
                "TD": "",
                "TP": "",
                "TE": ""
            },
            "contenuDesc": "",
            "competenceObj": "",
            "biblio": "",
            "prerequisOblig": "",
            "prerequisRecomm": ""
        }

    },{
        "ueid": "13",
        "name": "Virtualisation et stockage",
        "abreviation": "VS",
        "categorie": "Spécialité",
        "coefficient": "3",
        "semestre": "1",
        "dependances": [
            ["Appliquer"]
        ],
        "projet": "false",
        "option": "false",
        "facultatif": "false",

        "informations": {
            "horaires": {
                "CM": "",
                "CI": "",
                "TD": "",
                "TP": "",
                "TE": ""
            },
            "contenuDesc": "",
            "competenceObj": "",
            "biblio": "",
            "prerequisOblig": "",
            "prerequisRecomm": ""
        }

    },{
        "ueid": "14",
        "name": "Sécurité des systèmes",
        "abreviation": "SDS",
        "categorie": "Spécialité",
        "coefficient": "3",
        "semestre": "1",
        "dependances": [
            ["Appliquer"]
        ],
        "projet": "false",
        "option": "false",
        "facultatif": "false",

        "informations": {
            "horaires": {
                "CM": "",
                "CI": "",
                "TD": "",
                "TP": "",
                "TE": ""
            },
            "contenuDesc": "",
            "competenceObj": "",
            "biblio": "",
            "prerequisOblig": "",
            "prerequisRecomm": ""
        }

    },{
        "ueid": "15",
        "name": "Sécurité des réseaux",
        "abreviation": "SDR",
        "categorie": "Spécialité",
        "coefficient": "3",
        "semestre": "1",
        "dependances": [
            ["Appliquer"]
        ],
        "projet": "false",
        "option": "false",
        "facultatif": "false",

        "informations": {
            "horaires": {
                "CM": "",
                "CI": "",
                "TD": "",
                "TP": "",
                "TE": ""
            },
            "contenuDesc": "",
            "competenceObj": "",
            "biblio": "",
            "prerequisOblig": "",
            "prerequisRecomm": ""
        }

    },{
        "ueid": "16",
        "name": "Développement Web",
        "abreviation": "Dev. Web",
        "categorie": "Spécialité",
        "coefficient": "6",
        "semestre": "1",
        "dependances": [
            ["Appliquer"]
        ],
        "projet": "false",
        "option": "false",
        "facultatif": "false",

        "informations": {
            "horaires": {
                "CM": "",
                "CI": "",
                "TD": "",
                "TP": "",
                "TE": ""
            },
            "contenuDesc": "",
            "competenceObj": "",
            "biblio": "",
            "prerequisOblig": "",
            "prerequisRecomm": ""
        }

    },{
        "ueid": "17",
        "name": "Services réseaux",
        "abreviation": "SR",
        "categorie": "Spécialité",
        "coefficient": "3",
        "semestre": "1",
        "dependances": [
            ["Appliquer"]
        ],
        "projet": "false",
        "option": "false",
        "facultatif": "false",

        "informations": {
            "horaires": {
                "CM": "",
                "CI": "",
                "TD": "",
                "TP": "",
                "TE": ""
            },
            "contenuDesc": "",
            "competenceObj": "",
            "biblio": "",
            "prerequisOblig": "",
            "prerequisRecomm": ""
        }

    },{
        "ueid": "18",
        "name": "Projet",
        "abreviation": "Projet",
        "categorie": "Projet et stage",
        "coefficient": "6",
        "semestre": "1",
        "dependances": [
            ["Appliquer"]
        ],
        "projet": "false",
        "option": "false",
        "facultatif": "false",

        "informations": {
            "horaires": {
                "CM": "",
                "CI": "",
                "TD": "",
                "TP": "",
                "TE": ""
            },
            "contenuDesc": "",
            "competenceObj": "",
            "biblio": "",
            "prerequisOblig": "",
            "prerequisRecomm": ""
        }

    },{
        "ueid": "21",
        "name": "Langue",
        "abreviation": "Langue",
        "categorie": "Langues",
        "coefficient": "3",
        "semestre": "2",
        "dependances": [
            ["Appliquer"]
        ],
        "projet": "false",
        "option": "false",
        "facultatif": "false",

        "informations": {
            "horaires": {
                "CM": "",
                "CI": "",
                "TD": "",
                "TP": "",
                "TE": ""
            },
            "contenuDesc": "",
            "competenceObj": "",
            "biblio": "",
            "prerequisOblig": "",
            "prerequisRecomm": ""
        }

    },{
        "ueid": "22",
        "name": "Communication en entreprise",
        "abreviation": "CEE",
        "categorie": "Ouverture",
        "coefficient": "3",
        "semestre": "2",
        "dependances": [
            ["Appliquer"]
        ],
        "projet": "false",
        "option": "false",
        "facultatif": "false",

        "informations": {
            "horaires": {
                "CM": "",
                "CI": "",
                "TD": "",
                "TP": "",
                "TE": ""
            },
            "contenuDesc": "",
            "competenceObj": "",
            "biblio": "",
            "prerequisOblig": "",
            "prerequisRecomm": ""
        }

    },{
        "ueid": "23",
        "name": "Gestion de projets",
        "abreviation": "GDP",
        "categorie": "Ouverture",
        "coefficient": "3",
        "semestre": "2",
        "dependances": [
            ["Appliquer"]
        ],
        "projet": "false",
        "option": "false",
        "facultatif": "false",

        "informations": {
            "horaires": {
                "CM": "",
                "CI": "",
                "TD": "",
                "TP": "",
                "TE": ""
            },
            "contenuDesc": "",
            "competenceObj": "",
            "biblio": "",
            "prerequisOblig": "",
            "prerequisRecomm": ""
        }

    },{
        "ueid": "24",
        "name": "Formation en entreprise",
        "abreviation": "FEE",
        "categorie": "Ouverture",
        "coefficient": "3",
        "semestre": "2",
        "dependances": [
            ["Appliquer"]
        ],
        "projet": "false",
        "option": "false",
        "facultatif": "false",

        "informations": {
            "horaires": {
                "CM": "",
                "CI": "",
                "TD": "",
                "TP": "",
                "TE": ""
            },
            "contenuDesc": "",
            "competenceObj": "",
            "biblio": "",
            "prerequisOblig": "",
            "prerequisRecomm": ""
        }

    },{
        "ueid": "25",
        "name": "Stage",
        "abreviation": "Stage",
        "categorie": "Projet et stage",
        "coefficient": "18",
        "semestre": "2",
        "dependances": [
            ["Appliquer"]
        ],
        "projet": "false",
        "option": "false",
        "facultatif": "false",

        "informations": {
            "horaires": {
                "CM": "",
                "CI": "",
                "TD": "",
                "TP": "",
                "TE": ""
            },
            "contenuDesc": "",
            "competenceObj": "",
            "biblio": "",
            "prerequisOblig": "",
            "prerequisRecomm": ""
        }

    }],

    "ueDoublons": [],

    "options": [],

    "competences": [{
        "name": "Appliquer",
        "description": "Ceci est la compétence \"Appliquer\"",
        "color": "#ff7f0e"
    }],

    "categories": [{
        "name": "Spécialité",
        "description": "",
        "color": "#ed7676",
        "sortIndex" : 1
    },{
        "name": "Projet et stage",
        "description": "",
        "color": "#fce88d",
        "sortIndex" : 2
    },{
        "name": "Langues",
        "description": "",
        "color": "#2aaf33",
        "sortIndex" : 0
    },{
        "name": "Ouverture",
        "description": "",
        "color": "lightgrey",
        "sortIndex" : 3
    }],

    "cursus" : []
}
