{
    "general" : {
      "cursusname" : "Parcours Science et ingénierie du logiciel",
      "abrevname" : "SIL"
    },

    "ue": [{
        "ueid": "11",
        "name": "Compilation",
        "abreviation": "Compilation",
        "categorie": "Tronc Commun Spécialité",
        "coefficient": "6",
        "semestre": "1",
        "dependances": [
            ["Programmer"]
        ],
        "projet": "false",
        "option": "false",
        "facultatif": "false",
        "commun": "true",

        "informations": {
            "horaires": {
                "CM": "",
                "CI": "",
                "TD": "",
                "TP": "",
                "TE": ""
            },
            "contenuDesc": "",
            "competenceObj": "",
            "biblio": "",
            "prerequisOblig": "",
            "prerequisRecomm": ""
        }

    }, {
        "ueid": "12",
        "name": "Algorithmique avancée",
        "abreviation": "Algo. avancée",
        "categorie": "Tronc Commun Spécialité",
        "coefficient": "3",
        "semestre": "1",
        "dependances": [
            ["Programmer"]
        ],
        "projet": "false",
        "option": "false",
        "facultatif": "false",
        "commun": "true",

        "informations": {
            "horaires": {
                "CM": "",
                "CI": "",
                "TD": "",
                "TP": "",
                "TE": ""
            },
            "contenuDesc": "",
            "competenceObj": "",
            "biblio": "",
            "prerequisOblig": "",
            "prerequisRecomm": ""
        }

    }, {
        "ueid": "13",
        "name": "Programmation avancée",
        "abreviation": "Prog. avancée",
        "categorie": "Tronc Commun Spécialité",
        "coefficient": "3",
        "semestre": "1",
        "dependances": [
            ["Programmer"]
        ],
        "projet": "false",
        "option": "false",
        "facultatif": "false",
        "commun": "true",

        "informations": {
            "horaires": {
                "CM": "",
                "CI": "",
                "TD": "",
                "TP": "",
                "TE": ""
            },
            "contenuDesc": "",
            "competenceObj": "",
            "biblio": "",
            "prerequisOblig": "",
            "prerequisRecomm": ""
        }

    }, {
        "ueid": "14",
        "name": "Preuves assitées par ordinateur",
        "abreviation": "PAO",
        "categorie": "Parcours SIL",
        "coefficient": "3",
        "semestre": "1",
        "dependances": [
            ["Programmer"]
        ],
        "projet": "false",
        "option": "false",
        "facultatif": "false",
        "commun": "false",

        "informations": {
            "horaires": {
                "CM": "",
                "CI": "",
                "TD": "",
                "TP": "",
                "TE": ""
            },
            "contenuDesc": "",
            "competenceObj": "",
            "biblio": "",
            "prerequisOblig": "",
            "prerequisRecomm": ""
        }

    }, {
        "ueid": "15",
        "name": "Architecture et Développement Web",
        "abreviation": "Archi/DevWeb",
        "categorie": "Parcours SIL",
        "coefficient": "3",
        "semestre": "1",
        "dependances": [
            ["Programmer"]
        ],
        "projet": "false",
        "option": "false",
        "facultatif": "false",
        "commun": "false",

        "informations": {
            "horaires": {
                "CM": "",
                "CI": "",
                "TD": "",
                "TP": "",
                "TE": ""
            },
            "contenuDesc": "",
            "competenceObj": "",
            "biblio": "",
            "prerequisOblig": "",
            "prerequisRecomm": ""
        }

    }, {
        "ueid": "16",
        "name": "Programmation embarquée",
        "abreviation": "Prog. embarquée",
        "categorie": "Parcours SIL",
        "coefficient": "3",
        "semestre": "1",
        "dependances": [
            ["Programmer"]
        ],
        "projet": "false",
        "option": "false",
        "facultatif": "false",
        "commun": "false",

        "informations": {
            "horaires": {
                "CM": "",
                "CI": "",
                "TD": "",
                "TP": "",
                "TE": ""
            },
            "contenuDesc": "",
            "competenceObj": "",
            "biblio": "",
            "prerequisOblig": "",
            "prerequisRecomm": ""
        }

    }, {
        "ueid": "17",
        "name": "Mission",
        "abreviation": "Mission",
        "categorie": "Stage ou Apprentissage",
        "coefficient": "3",
        "semestre": "1",
        "dependances": [
            ["Programmer"]
        ],
        "projet": "false",
        "option": "false",
        "facultatif": "false",
        "commun": "false",

        "informations": {
            "horaires": {
                "CM": "",
                "CI": "",
                "TD": "",
                "TP": "",
                "TE": ""
            },
            "contenuDesc": "",
            "competenceObj": "",
            "biblio": "",
            "prerequisOblig": "",
            "prerequisRecomm": ""
        }

    }, {
        "ueid": "18",
        "name": "Vie Professionnelle 1",
        "abreviation": "Vie Pro. 1",
        "categorie": "Tronc Commun Ouverture",
        "coefficient": "3",
        "semestre": "1",
        "dependances": [
            ["Professionnaliser"],
            ["Réaliser"]
        ],
        "projet": "false",
        "option": "false",
        "facultatif": "false",
        "commun": "true",

        "informations": {
            "horaires": {
                "CM": "",
                "CI": "",
                "TD": "",
                "TP": "",
                "TE": ""
            },
            "contenuDesc": "",
            "competenceObj": "",
            "biblio": "",
            "prerequisOblig": "",
            "prerequisRecomm": ""
        }

    }, {
        "ueid": "19",
        "name": "Langue",
        "abreviation": "Langue",
        "categorie": "Langues",
        "coefficient": "3",
        "semestre": "1",
        "dependances": [
            ["Professionnaliser"]
        ],
        "projet": "false",
        "option": "false",
        "facultatif": "false",
        "commun": "true",

        "informations": {
            "horaires": {
                "CM": "",
                "CI": "",
                "TD": "",
                "TP": "",
                "TE": ""
            },
            "contenuDesc": "",
            "competenceObj": "",
            "biblio": "",
            "prerequisOblig": "",
            "prerequisRecomm": ""
        }

    }, {
        "ueid": "21",
        "name": "Algorithmes distribués",
        "abreviation": "Algo. distrib.",
        "categorie": "Tronc Commun Spécialité",
        "coefficient": "6",
        "semestre": "2",
        "dependances": [
            ["Programmer"],
            ["Réaliser"],
            ["Construire"]
        ],
        "projet": "false",
        "option": "false",
        "facultatif": "false",
        "commun": "true",

        "informations": {
            "horaires": {
                "CM": "",
                "CI": "",
                "TD": "",
                "TP": "",
                "TE": ""
            },
            "contenuDesc": "",
            "competenceObj": "",
            "biblio": "",
            "prerequisOblig": "",
            "prerequisRecomm": ""
        }

    }, {
        "ueid": "22",
        "name": "Sécurité",
        "abreviation": "Sécurité",
        "categorie": "Tronc Commun Spécialité",
        "coefficient": "3",
        "semestre": "2",
        "dependances": [
            ["Programmer"],
            ["Professionnaliser"],
            ["Construire"]
        ],
        "projet": "false",
        "option": "false",
        "facultatif": "false",
        "commun": "true",

        "informations": {
            "horaires": {
                "CM": "",
                "CI": "",
                "TD": "",
                "TP": "",
                "TE": ""
            },
            "contenuDesc": "",
            "competenceObj": "",
            "biblio": "",
            "prerequisOblig": "",
            "prerequisRecomm": ""
        }

    }, {
        "ueid": "23",
        "name": "Calculabilité et complexité",
        "abreviation": "Calculab. et complex.",
        "categorie": "Tronc Commun Spécialité",
        "coefficient": "3",
        "semestre": "2",
        "dependances": [
            ["Programmer"],
            ["Professionnaliser"],
            ["Construire"]
        ],
        "projet": "false",
        "option": "false",
        "facultatif": "false",
        "commun": "true",

        "informations": {
            "horaires": {
                "CM": "",
                "CI": "",
                "TD": "",
                "TP": "",
                "TE": ""
            },
            "contenuDesc": "",
            "competenceObj": "",
            "biblio": "",
            "prerequisOblig": "",
            "prerequisRecomm": ""
        }

    }, {
        "ueid": "24",
        "name": "Travail d'étude et de recherche",
        "abreviation": "TER",
        "categorie": "TER et Projet de Master",
        "coefficient": "6",
        "semestre": "2",
        "dependances": [
            ["Programmer"],
            ["Professionnaliser"],
            ["Construire"]
        ],
        "projet": "false",
        "option": "false",
        "facultatif": "false",
        "commun": "true",

        "informations": {
            "horaires": {
                "CM": "",
                "CI": "",
                "TD": "",
                "TP": "",
                "TE": ""
            },
            "contenuDesc": "",
            "competenceObj": "",
            "biblio": "",
            "prerequisOblig": "",
            "prerequisRecomm": ""
        }

    }, {
        "ueid": "25",
        "name": "Optimisation et transformation de codes",
        "abreviation": "Opt. et tr. de code",
        "categorie": "Parcours SIL",
        "coefficient": "3",
        "semestre": "2",
        "dependances": [
            ["Programmer"],
            ["Professionnaliser"],
            ["Construire"]
        ],
        "projet": "false",
        "option": "false",
        "facultatif": "false",
        "commun": "false",

        "informations": {
            "horaires": {
                "CM": "",
                "CI": "",
                "TD": "",
                "TP": "",
                "TE": ""
            },
            "contenuDesc": "",
            "competenceObj": "",
            "biblio": "",
            "prerequisOblig": "",
            "prerequisRecomm": ""
        }

    }, {
        "ueid": "26",
        "name": "Programmation temps réel",
        "abreviation": "PTR",
        "categorie": "Parcours SIL",
        "coefficient": "3",
        "semestre": "2",
        "dependances": [
            ["Programmer"],
            ["Professionnaliser"],
            ["Construire"]
        ],
        "projet": "false",
        "option": "false",
        "facultatif": "false",
        "commun": "false",

        "informations": {
            "horaires": {
                "CM": "",
                "CI": "",
                "TD": "",
                "TP": "",
                "TE": ""
            },
            "contenuDesc": "",
            "competenceObj": "",
            "biblio": "",
            "prerequisOblig": "",
            "prerequisRecomm": ""
        }

    }, {
        "ueid": "27",
        "name": "Stage Master 1",
        "abreviation": "Stage M1",
        "categorie": "Stage ou Apprentissage",
        "coefficient": "6",
        "semestre": "2",
        "dependances": [
            ["Programmer"],
            ["Professionnaliser"],
            ["Construire"]
        ],
        "projet": "false",
        "option": "false",
        "facultatif": "false",
        "commun": "false",

        "informations": {
            "horaires": {
                "CM": "",
                "CI": "",
                "TD": "",
                "TP": "",
                "TE": ""
            },
            "contenuDesc": "",
            "competenceObj": "",
            "biblio": "",
            "prerequisOblig": "",
            "prerequisRecomm": ""
        }

    }, {
        "ueid": "31",
        "name": "Certification du logiciel",
        "abreviation": "Certif. logi.",
        "categorie": "Tronc Commun Spécialité",
        "coefficient": "3",
        "semestre": "3",
        "dependances": [
            ["Programmer"],
            ["Professionnaliser"],
            ["Construire"]
        ],
        "projet": "false",
        "option": "false",
        "facultatif": "false",
        "commun": "true",

        "informations": {
            "horaires": {
                "CM": "",
                "CI": "",
                "TD": "",
                "TP": "",
                "TE": ""
            },
            "contenuDesc": "",
            "competenceObj": "",
            "biblio": "",
            "prerequisOblig": "",
            "prerequisRecomm": ""
        }

    }, {
        "ueid": "32",
        "name": "Projet de Master",
        "abreviation": "Projet de Master",
        "categorie": "TER et Projet de Master",
        "coefficient": "6",
        "semestre": "3",
        "dependances": [
            ["Programmer"],
            ["Professionnaliser"],
            ["Construire"]
        ],
        "projet": "false",
        "option": "false",
        "facultatif": "false",
        "commun": "true",

        "informations": {
            "horaires": {
                "CM": "",
                "CI": "",
                "TD": "",
                "TP": "",
                "TE": ""
            },
            "contenuDesc": "",
            "competenceObj": "",
            "biblio": "",
            "prerequisOblig": "",
            "prerequisRecomm": ""
        }

    }, {
        "ueid": "33",
        "name": "Analyse et architecture logicielle orientée objets",
        "abreviation": "AALOO",
        "categorie": "Parcours SIL",
        "coefficient": "3",
        "semestre": "3",
        "dependances": [
            ["Programmer"],
            ["Professionnaliser"],
            ["Construire"]
        ],
        "projet": "false",
        "option": "false",
        "facultatif": "false",
        "commun": "false",

        "informations": {
            "horaires": {
                "CM": "",
                "CI": "",
                "TD": "",
                "TP": "",
                "TE": ""
            },
            "contenuDesc": "",
            "competenceObj": "",
            "biblio": "",
            "prerequisOblig": "",
            "prerequisRecomm": ""
        }

    }, {
        "ueid": "34",
        "name": "Méthodologie de développement",
        "abreviation": "MDD",
        "categorie": "Parcours SIL",
        "coefficient": "3",
        "semestre": "3",
        "dependances": [
            ["Programmer"],
            ["Professionnaliser"],
            ["Construire"]
        ],
        "projet": "false",
        "option": "false",
        "facultatif": "false",
        "commun": "false",

        "informations": {
            "horaires": {
                "CM": "",
                "CI": "",
                "TD": "",
                "TP": "",
                "TE": ""
            },
            "contenuDesc": "",
            "competenceObj": "",
            "biblio": "",
            "prerequisOblig": "",
            "prerequisRecomm": ""
        }

    }, {
        "ueid": "35",
        "name": "Programmation mobile",
        "abreviation": "Prog. mobile",
        "categorie": "Parcours SIL",
        "coefficient": "3",
        "semestre": "3",
        "dependances": [
            ["Programmer"],
            ["Professionnaliser"],
            ["Construire"]
        ],
        "projet": "false",
        "option": "false",
        "facultatif": "false",
        "commun": "false",

        "informations": {
            "horaires": {
                "CM": "",
                "CI": "",
                "TD": "",
                "TP": "",
                "TE": ""
            },
            "contenuDesc": "",
            "competenceObj": "",
            "biblio": "",
            "prerequisOblig": "",
            "prerequisRecomm": ""
        }

    }, {
        "ueid": "36",
        "name": "Traitement large échelle",
        "abreviation": "TLE",
        "categorie": "Parcours SIL",
        "coefficient": "3",
        "semestre": "3",
        "dependances": [
            ["Programmer"],
            ["Professionnaliser"],
            ["Construire"]
        ],
        "projet": "false",
        "option": "false",
        "facultatif": "false",
        "commun": "false",

        "informations": {
            "horaires": {
                "CM": "",
                "CI": "",
                "TD": "",
                "TP": "",
                "TE": ""
            },
            "contenuDesc": "",
            "competenceObj": "",
            "biblio": "",
            "prerequisOblig": "",
            "prerequisRecomm": ""
        }

    }, {
        "ueid": "37",
        "name": "Vie Professionnelle 2",
        "abreviation": "Vie Pro. 2",
        "categorie": "Tronc Commun Ouverture",
        "coefficient": "6",
        "semestre": "3",
        "dependances": [
            ["Programmer"],
            ["Professionnaliser"],
            ["Construire"]
        ],
        "projet": "false",
        "option": "false",
        "facultatif": "false",
        "commun": "true",

        "informations": {
            "horaires": {
                "CM": "",
                "CI": "",
                "TD": "",
                "TP": "",
                "TE": ""
            },
            "contenuDesc": "",
            "competenceObj": "",
            "biblio": "",
            "prerequisOblig": "",
            "prerequisRecomm": ""
        }

    }, {
        "ueid": "38",
        "name": "Langue",
        "abreviation": "Langue",
        "categorie": "Langues",
        "coefficient": "3",
        "semestre": "3",
        "dependances": [
            ["Programmer"],
            ["Professionnaliser"],
            ["Construire"]
        ],
        "projet": "false",
        "option": "false",
        "facultatif": "false",
        "commun": "true",

        "informations": {
            "horaires": {
                "CM": "",
                "CI": "",
                "TD": "",
                "TP": "",
                "TE": ""
            },
            "contenuDesc": "",
            "competenceObj": "",
            "biblio": "",
            "prerequisOblig": "",
            "prerequisRecomm": ""
        }

    }, {
        "ueid": "41",
        "name": "Accompagnement de stage",
        "abreviation": "Accomp. de stage",
        "categorie": "Stage ou Apprentissage",
        "coefficient": "3",
        "semestre": "4",
        "dependances": [
            ["Programmer"],
            ["Professionnaliser"],
            ["Construire"]
        ],
        "projet": "false",
        "option": "false",
        "facultatif": "false",
        "commun": "true",

        "informations": {
            "horaires": {
                "CM": "",
                "CI": "",
                "TD": "",
                "TP": "",
                "TE": ""
            },
            "contenuDesc": "",
            "competenceObj": "",
            "biblio": "",
            "prerequisOblig": "",
            "prerequisRecomm": ""
        }

    }, {
        "ueid": "42",
        "name": "Stage Master 2",
        "abreviation": "Stage M2",
        "categorie": "Stage ou Apprentissage",
        "coefficient": "27",
        "semestre": "4",
        "dependances": [
            ["Programmer"],
            ["Professionnaliser"],
            ["Construire"]
        ],
        "projet": "false",
        "option": "false",
        "facultatif": "false",
        "commun": "true",

        "informations": {
            "horaires": {
                "CM": "",
                "CI": "",
                "TD": "",
                "TP": "",
                "TE": ""
            },
            "contenuDesc": "",
            "competenceObj": "",
            "biblio": "",
            "prerequisOblig": "",
            "prerequisRecomm": ""
        }

    }],

    "ueDoublons": [],

    "options": [],

    "competences" : [{
        "name" : "Appliquer",
        "description" : "Ceci est la compétence \"Appliquer\"",
        "color" : "#ff7f0e"
    }, {
        "name" : "Construire",
        "description" : "Ceci est la compétence \"Construire\"",
        "color" : "#d62728"
    }, {
        "name" : "Formaliser",
        "description" : "Ceci est la compétence \"Formaliser\"",
        "color" : "#2ca02c"
    }, {
        "name" : "Professionnaliser",
        "description" : "Ceci est la compétence \"Professionnaliser\"",
        "color" : "#8c564b"
    }, {
        "name" : "Programmer",
        "description" : "Ceci est la compétence \"Programmer\"",
        "color" : "#9467bd"
    }, {
        "name" : "Réaliser",
        "description" : "Ceci est la compétence \"Réaliser\"",
        "color" : "#1f77b4"
    }],

    "categories" : [{
        "name" : "Tronc Commun Spécialité",
        "description" : "",
        "color" : "rgb(116, 2, 51)",
        "sortIndex" : 0
    }, {
        "name" : "Parcours SIL",
        "description" : "",
        "color" : "rgb(192, 16, 63)",
        "sortIndex" : 5
    }, {
        "name" : "TER et Projet de Master",
        "description" : "",
        "color" : "rgb(89, 64, 153)",
        "sortIndex" : 2
    }, {
        "name" : "Langues",
        "description" : "",
        "color" : "rgb(255, 130, 77)",
        "sortIndex" : 3
    }, {
        "name" : "Tronc Commun Ouverture",
        "description" : "",
        "color" : "rgb(252, 54, 107)",
        "sortIndex" : 1
    }, {
        "name" : "Stage ou Apprentissage",
        "description" : "",
        "color" : "rgb(245, 255, 87)",
        "sortIndex" : 4
    }],

    "cursus" : [{
        "name" : "Parcours I3D",
        "path" : "pedagoMasterI3D.json",
        "class" : "master",
        "sortIndex" : 0
    }, {
        "name" : "Parcours SIL",
        "path" : "pedagoMasterSIL.json",
        "class" : "master",
        "sortIndex" : 3
    }, {
        "name" : "Parcours SDSC",
        "path" : "pedagoMasterSDSC.json",
        "class" : "master",
        "sortIndex" : 2
    }, {
        "name" : "Parcours SIRIS",
        "path" : "pedagoMasterSIRIS.json",
        "class" : "master",
        "sortIndex" : 1
    }]
}
